<?xml version="1.0"?><api><query><allimages><img name="Ativ-Mototaxista.jpg" timestamp="2015-01-20T22:09:01Z" url="http://www.xmlfusion.org/wiki-do-mei/images/1/14/Ativ-Mototaxista.jpg" descriptionurl="http://www.xmlfusion.org/wiki-do-mei/Arquivo:Ativ-Mototaxista.jpg" ns="6" title="Arquivo:Ativ-Mototaxista.jpg" /><img name="Ativ-bikeboy.jpg" timestamp="2015-01-21T16:23:55Z" url="http://www.xmlfusion.org/wiki-do-mei/images/c/cd/Ativ-bikeboy.jpg" descriptionurl="http://www.xmlfusion.org/wiki-do-mei/Arquivo:Ativ-bikeboy.jpg" ns="6" title="Arquivo:Ativ-bikeboy.jpg" /><img name="Ativ-motoboy.jpg" timestamp="2015-01-21T13:39:36Z" url="http://www.xmlfusion.org/wiki-do-mei/images/6/61/Ativ-motoboy.jpg" descriptionurl="http://www.xmlfusion.org/wiki-do-mei/Arquivo:Ativ-motoboy.jpg" ns="6" title="Arquivo:Ativ-motoboy.jpg" /><img name="Ativ-peqAgencia-de-Viajes-fisica.jpg" timestamp="2015-01-29T11:03:06Z" url="http://www.xmlfusion.org/wiki-do-mei/images/3/33/Ativ-peqAgencia-de-Viajes-fisica.jpg" descriptionurl="http://www.xmlfusion.org/wiki-do-mei/Arquivo:Ativ-peqAgencia-de-Viajes-fisica.jpg" ns="6" title="Arquivo:Ativ-peqAgencia-de-Viajes-fisica.jpg" /><img name="Ativ-taxista.jpg" timestamp="2015-01-21T15:26:26Z" url="http://www.xmlfusion.org/wiki-do-mei/images/5/54/Ativ-taxista.jpg" descriptionurl="http://www.xmlfusion.org/wiki-do-mei/Arquivo:Ativ-taxista.jpg" ns="6" title="Arquivo:Ativ-taxista.jpg" /><img name="AtivIlustra-costura.jpg" timestamp="2016-06-27T00:29:43Z" url="http://www.xmlfusion.org/wiki-do-mei/images/e/ed/AtivIlustra-costura.jpg" descriptionurl="http://www.xmlfusion.org/wiki-do-mei/Arquivo:AtivIlustra-costura.jpg" ns="6" title="Arquivo:AtivIlustra-costura.jpg" /><img name="AtivIlustra-digitador.jpg" timestamp="2015-05-02T19:00:43Z" url="http://www.xmlfusion.org/wiki-do-mei/images/9/91/AtivIlustra-digitador.jpg" descriptionurl="http://www.xmlfusion.org/wiki-do-mei/Arquivo:AtivIlustra-digitador.jpg" ns="6" title="Arquivo:AtivIlustra-digitador.jpg" /><img name="CC-tresCamadas.png" timestamp="2016-01-02T21:47:58Z" url="http://www.xmlfusion.org/wiki-do-mei/images/8/82/CC-tresCamadas.png" descriptionurl="http://www.xmlfusion.org/wiki-do-mei/Arquivo:CC-tresCamadas.png" ns="6" title="Arquivo:CC-tresCamadas.png" /><img name="CNAE-codFormacao.png" timestamp="2015-01-14T14:17:13Z" url="http://www.xmlfusion.org/wiki-do-mei/images/7/73/CNAE-codFormacao.png" descriptionurl="http://www.xmlfusion.org/wiki-do-mei/Arquivo:CNAE-codFormacao.png" ns="6" title="Arquivo:CNAE-codFormacao.png" /><img name="CNPJ-ex1.png" timestamp="2015-01-15T17:20:55Z" url="http://www.xmlfusion.org/wiki-do-mei/images/5/50/CNPJ-ex1.png" descriptionurl="http://www.xmlfusion.org/wiki-do-mei/Arquivo:CNPJ-ex1.png" ns="6" title="Arquivo:CNPJ-ex1.png" /><img name="Ceramica-a-fernandes_02.jpg" timestamp="2016-07-19T23:42:56Z" url="http://www.xmlfusion.org/wiki-do-mei/images/7/77/Ceramica-a-fernandes_02.jpg" descriptionurl="http://www.xmlfusion.org/wiki-do-mei/Arquivo:Ceramica-a-fernandes_02.jpg" ns="6" title="Arquivo:Ceramica-a-fernandes 02.jpg" /><img name="Ceramista-blogMJR.jpg" timestamp="2015-01-15T23:24:55Z" url="http://www.xmlfusion.org/wiki-do-mei/images/a/a2/Ceramista-blogMJR.jpg" descriptionurl="http://www.xmlfusion.org/wiki-do-mei/Arquivo:Ceramista-blogMJR.jpg" ns="6" title="Arquivo:Ceramista-blogMJR.jpg" /><img name="Christopher_Columbus4.jpg" timestamp="2016-08-05T00:15:33Z" url="http://www.xmlfusion.org/wiki-do-mei/images/6/6e/Christopher_Columbus4.jpg" descriptionurl="http://www.xmlfusion.org/wiki-do-mei/Arquivo:Christopher_Columbus4.jpg" ns="6" title="Arquivo:Christopher Columbus4.jpg" /><img name="Clay-ss-2005.jpg" timestamp="2015-01-15T23:23:45Z" url="http://www.xmlfusion.org/wiki-do-mei/images/2/2c/Clay-ss-2005.jpg" descriptionurl="http://www.xmlfusion.org/wiki-do-mei/Arquivo:Clay-ss-2005.jpg" ns="6" title="Arquivo:Clay-ss-2005.jpg" /><img name="Cnt-logo-v1.png" timestamp="2015-01-26T18:06:16Z" url="http://www.xmlfusion.org/wiki-do-mei/images/b/b8/Cnt-logo-v1.png" descriptionurl="http://www.xmlfusion.org/wiki-do-mei/Arquivo:Cnt-logo-v1.png" ns="6" title="Arquivo:Cnt-logo-v1.png" /><img name="Compota-Ribotroshhashana.jpg" timestamp="2015-09-02T05:59:08Z" url="http://www.xmlfusion.org/wiki-do-mei/images/e/e7/Compota-Ribotroshhashana.jpg" descriptionurl="http://www.xmlfusion.org/wiki-do-mei/Arquivo:Compota-Ribotroshhashana.jpg" ns="6" title="Arquivo:Compota-Ribotroshhashana.jpg" /><img name="Contrato-form-ilustra1.png" timestamp="2015-06-26T23:31:56Z" url="http://www.xmlfusion.org/wiki-do-mei/images/e/e2/Contrato-form-ilustra1.png" descriptionurl="http://www.xmlfusion.org/wiki-do-mei/Arquivo:Contrato-form-ilustra1.png" ns="6" title="Arquivo:Contrato-form-ilustra1.png" /><img name="Contrato-texto-ilustra1.png" timestamp="2015-06-26T23:22:04Z" url="http://www.xmlfusion.org/wiki-do-mei/images/b/bc/Contrato-texto-ilustra1.png" descriptionurl="http://www.xmlfusion.org/wiki-do-mei/Arquivo:Contrato-texto-ilustra1.png" ns="6" title="Arquivo:Contrato-texto-ilustra1.png" /><img name="DadosGovBr-tabelas-catalogoMateriais.png" timestamp="2015-01-13T19:10:31Z" url="http://www.xmlfusion.org/wiki-do-mei/images/2/23/DadosGovBr-tabelas-catalogoMateriais.png" descriptionurl="http://www.xmlfusion.org/wiki-do-mei/Arquivo:DadosGovBr-tabelas-catalogoMateriais.png" ns="6" title="Arquivo:DadosGovBr-tabelas-catalogoMateriais.png" /><img name="DadosGovBr-tabelas-catalogoServicos.png" timestamp="2015-01-13T19:19:37Z" url="http://www.xmlfusion.org/wiki-do-mei/images/f/fc/DadosGovBr-tabelas-catalogoServicos.png" descriptionurl="http://www.xmlfusion.org/wiki-do-mei/Arquivo:DadosGovBr-tabelas-catalogoServicos.png" ns="6" title="Arquivo:DadosGovBr-tabelas-catalogoServicos.png" /><img name="DadosGovBr-tabelas-fornecedor.png" timestamp="2015-01-13T19:37:29Z" url="http://www.xmlfusion.org/wiki-do-mei/images/a/aa/DadosGovBr-tabelas-fornecedor.png" descriptionurl="http://www.xmlfusion.org/wiki-do-mei/Arquivo:DadosGovBr-tabelas-fornecedor.png" ns="6" title="Arquivo:DadosGovBr-tabelas-fornecedor.png" /><img name="DadosGovBr-tabelas-licitacao.png" timestamp="2015-01-13T19:38:41Z" url="http://www.xmlfusion.org/wiki-do-mei/images/a/a6/DadosGovBr-tabelas-licitacao.png" descriptionurl="http://www.xmlfusion.org/wiki-do-mei/Arquivo:DadosGovBr-tabelas-licitacao.png" ns="6" title="Arquivo:DadosGovBr-tabelas-licitacao.png" /><img name="DiagramaER-compras.png" timestamp="2015-01-13T18:25:13Z" url="http://www.xmlfusion.org/wiki-do-mei/images/5/54/DiagramaER-compras.png" descriptionurl="http://www.xmlfusion.org/wiki-do-mei/Arquivo:DiagramaER-compras.png" ns="6" title="Arquivo:DiagramaER-compras.png" /><img name="Escolar-13-01-2014.jpg" timestamp="2015-01-21T01:32:54Z" url="http://www.xmlfusion.org/wiki-do-mei/images/9/92/Escolar-13-01-2014.jpg" descriptionurl="http://www.xmlfusion.org/wiki-do-mei/Arquivo:Escolar-13-01-2014.jpg" ns="6" title="Arquivo:Escolar-13-01-2014.jpg" /><img name="Escolar-van-explic.jpg" timestamp="2015-01-21T01:59:01Z" url="http://www.xmlfusion.org/wiki-do-mei/images/3/3a/Escolar-van-explic.jpg" descriptionurl="http://www.xmlfusion.org/wiki-do-mei/Arquivo:Escolar-van-explic.jpg" ns="6" title="Arquivo:Escolar-van-explic.jpg" /><img name="Fig-comunidadeWikiDoMEI.svg" timestamp="2016-06-27T18:43:39Z" url="http://www.xmlfusion.org/wiki-do-mei/images/b/b8/Fig-comunidadeWikiDoMEI.svg" descriptionurl="http://www.xmlfusion.org/wiki-do-mei/Arquivo:Fig-comunidadeWikiDoMEI.svg" ns="6" title="Arquivo:Fig-comunidadeWikiDoMEI.svg" /><img name="Fig-conjuntos-ComunidadeWikiDoMEI.png" timestamp="2016-08-26T13:09:49Z" url="http://www.xmlfusion.org/wiki-do-mei/images/9/99/Fig-conjuntos-ComunidadeWikiDoMEI.png" descriptionurl="http://www.xmlfusion.org/wiki-do-mei/Arquivo:Fig-conjuntos-ComunidadeWikiDoMEI.png" ns="6" title="Arquivo:Fig-conjuntos-ComunidadeWikiDoMEI.png" /><img name="FotoMosaico-cut.jpg" timestamp="2015-05-03T21:45:45Z" url="http://www.xmlfusion.org/wiki-do-mei/images/a/af/FotoMosaico-cut.jpg" descriptionurl="http://www.xmlfusion.org/wiki-do-mei/Arquivo:FotoMosaico-cut.jpg" ns="6" title="Arquivo:FotoMosaico-cut.jpg" /><img name="FotoMosaicoMEI-juquia.jpg" timestamp="2015-01-11T22:06:40Z" url="http://www.xmlfusion.org/wiki-do-mei/images/e/e9/FotoMosaicoMEI-juquia.jpg" descriptionurl="http://www.xmlfusion.org/wiki-do-mei/Arquivo:FotoMosaicoMEI-juquia.jpg" ns="6" title="Arquivo:FotoMosaicoMEI-juquia.jpg" /><img name="Hands-upYes01.png" timestamp="2016-08-04T13:16:41Z" url="http://www.xmlfusion.org/wiki-do-mei/images/8/8b/Hands-upYes01.png" descriptionurl="http://www.xmlfusion.org/wiki-do-mei/Arquivo:Hands-upYes01.png" ns="6" title="Arquivo:Hands-upYes01.png" /><img name="Hands-upYes02-procuracao.png" timestamp="2016-08-04T13:17:30Z" url="http://www.xmlfusion.org/wiki-do-mei/images/8/80/Hands-upYes02-procuracao.png" descriptionurl="http://www.xmlfusion.org/wiki-do-mei/Arquivo:Hands-upYes02-procuracao.png" ns="6" title="Arquivo:Hands-upYes02-procuracao.png" /><img name="IMG-20160812-WA0002.jpg" timestamp="2016-08-13T13:16:59Z" url="http://www.xmlfusion.org/wiki-do-mei/images/d/d1/IMG-20160812-WA0002.jpg" descriptionurl="http://www.xmlfusion.org/wiki-do-mei/Arquivo:IMG-20160812-WA0002.jpg" ns="6" title="Arquivo:IMG-20160812-WA0002.jpg" /><img name="IlustraServ-extracaoArgila1.jpg" timestamp="2015-04-26T14:35:12Z" url="http://www.xmlfusion.org/wiki-do-mei/images/3/3e/IlustraServ-extracaoArgila1.jpg" descriptionurl="http://www.xmlfusion.org/wiki-do-mei/Arquivo:IlustraServ-extracaoArgila1.jpg" ns="6" title="Arquivo:IlustraServ-extracaoArgila1.jpg" /><img name="Linking-Open-Data-class-diagram_2008-10-05.png" timestamp="2015-04-26T06:02:08Z" url="http://www.xmlfusion.org/wiki-do-mei/images/2/26/Linking-Open-Data-class-diagram_2008-10-05.png" descriptionurl="http://www.xmlfusion.org/wiki-do-mei/Arquivo:Linking-Open-Data-class-diagram_2008-10-05.png" ns="6" title="Arquivo:Linking-Open-Data-class-diagram 2008-10-05.png" /><img name="MEI-as-Blackbox-agg-pictures.png" timestamp="2016-07-19T23:49:57Z" url="http://www.xmlfusion.org/wiki-do-mei/images/a/af/MEI-as-Blackbox-agg-pictures.png" descriptionurl="http://www.xmlfusion.org/wiki-do-mei/Arquivo:MEI-as-Blackbox-agg-pictures.png" ns="6" title="Arquivo:MEI-as-Blackbox-agg-pictures.png" /><img name="MEI-as-Blackbox-agg.png" timestamp="2015-05-04T00:37:10Z" url="http://www.xmlfusion.org/wiki-do-mei/images/8/87/MEI-as-Blackbox-agg.png" descriptionurl="http://www.xmlfusion.org/wiki-do-mei/Arquivo:MEI-as-Blackbox-agg.png" ns="6" title="Arquivo:MEI-as-Blackbox-agg.png" /><img name="MEI-as-Blackbox.png" timestamp="2015-04-27T20:08:22Z" url="http://www.xmlfusion.org/wiki-do-mei/images/5/56/MEI-as-Blackbox.png" descriptionurl="http://www.xmlfusion.org/wiki-do-mei/Arquivo:MEI-as-Blackbox.png" ns="6" title="Arquivo:MEI-as-Blackbox.png" /><img name="MinerArt-aglomera.jpg" timestamp="2016-07-16T23:47:58Z" url="http://www.xmlfusion.org/wiki-do-mei/images/1/18/MinerArt-aglomera.jpg" descriptionurl="http://www.xmlfusion.org/wiki-do-mei/Arquivo:MinerArt-aglomera.jpg" ns="6" title="Arquivo:MinerArt-aglomera.jpg" /><img name="MinerArt-ensacamento.jpg" timestamp="2016-07-16T23:50:50Z" url="http://www.xmlfusion.org/wiki-do-mei/images/b/b4/MinerArt-ensacamento.jpg" descriptionurl="http://www.xmlfusion.org/wiki-do-mei/Arquivo:MinerArt-ensacamento.jpg" ns="6" title="Arquivo:MinerArt-ensacamento.jpg" /><img name="MinerArt-mineraPa.jpg" timestamp="2016-07-16T23:43:56Z" url="http://www.xmlfusion.org/wiki-do-mei/images/3/37/MinerArt-mineraPa.jpg" descriptionurl="http://www.xmlfusion.org/wiki-do-mei/Arquivo:MinerArt-mineraPa.jpg" ns="6" title="Arquivo:MinerArt-mineraPa.jpg" /><img name="MinerArt-minerando1.jpg" timestamp="2016-07-16T23:37:46Z" url="http://www.xmlfusion.org/wiki-do-mei/images/4/4a/MinerArt-minerando1.jpg" descriptionurl="http://www.xmlfusion.org/wiki-do-mei/Arquivo:MinerArt-minerando1.jpg" ns="6" title="Arquivo:MinerArt-minerando1.jpg" /><img name="MinerArt-prepCova.jpg" timestamp="2016-07-16T23:31:23Z" url="http://www.xmlfusion.org/wiki-do-mei/images/b/b4/MinerArt-prepCova.jpg" descriptionurl="http://www.xmlfusion.org/wiki-do-mei/Arquivo:MinerArt-prepCova.jpg" ns="6" title="Arquivo:MinerArt-prepCova.jpg" /><img name="MinerArt-procurando.jpg" timestamp="2016-07-16T23:12:19Z" url="http://www.xmlfusion.org/wiki-do-mei/images/0/02/MinerArt-procurando.jpg" descriptionurl="http://www.xmlfusion.org/wiki-do-mei/Arquivo:MinerArt-procurando.jpg" ns="6" title="Arquivo:MinerArt-procurando.jpg" /><img name="MinerArt-transporteSacos.jpg" timestamp="2016-07-16T23:51:45Z" url="http://www.xmlfusion.org/wiki-do-mei/images/a/a3/MinerArt-transporteSacos.jpg" descriptionurl="http://www.xmlfusion.org/wiki-do-mei/Arquivo:MinerArt-transporteSacos.jpg" ns="6" title="Arquivo:MinerArt-transporteSacos.jpg" /><img name="ModeloContrato-refRFC-processo.png" timestamp="2015-04-24T23:19:42Z" url="http://www.xmlfusion.org/wiki-do-mei/images/1/14/ModeloContrato-refRFC-processo.png" descriptionurl="http://www.xmlfusion.org/wiki-do-mei/Arquivo:ModeloContrato-refRFC-processo.png" ns="6" title="Arquivo:ModeloContrato-refRFC-processo.png" /><img name="Rede-de-MEIs-ilustrada.png" timestamp="2016-07-20T00:02:11Z" url="http://www.xmlfusion.org/wiki-do-mei/images/e/e9/Rede-de-MEIs-ilustrada.png" descriptionurl="http://www.xmlfusion.org/wiki-do-mei/Arquivo:Rede-de-MEIs-ilustrada.png" ns="6" title="Arquivo:Rede-de-MEIs-ilustrada.png" /><img name="Rede-de-MEIs.png" timestamp="2016-07-05T15:02:42Z" url="http://www.xmlfusion.org/wiki-do-mei/images/a/a3/Rede-de-MEIs.png" descriptionurl="http://www.xmlfusion.org/wiki-do-mei/Arquivo:Rede-de-MEIs.png" ns="6" title="Arquivo:Rede-de-MEIs.png" /><img name="Rede-de-MEIs2.png" timestamp="2016-07-20T01:08:40Z" url="http://www.xmlfusion.org/wiki-do-mei/images/e/e8/Rede-de-MEIs2.png" descriptionurl="http://www.xmlfusion.org/wiki-do-mei/Arquivo:Rede-de-MEIs2.png" ns="6" title="Arquivo:Rede-de-MEIs2.png" /><img name="Semantic-web-stack.png" timestamp="2015-04-26T05:59:32Z" url="http://www.xmlfusion.org/wiki-do-mei/images/3/37/Semantic-web-stack.png" descriptionurl="http://www.xmlfusion.org/wiki-do-mei/Arquivo:Semantic-web-stack.png" ns="6" title="Arquivo:Semantic-web-stack.png" /><img name="Serv-Taxi2.jpg" timestamp="2015-01-20T21:47:42Z" url="http://www.xmlfusion.org/wiki-do-mei/images/1/1d/Serv-Taxi2.jpg" descriptionurl="http://www.xmlfusion.org/wiki-do-mei/Arquivo:Serv-Taxi2.jpg" ns="6" title="Arquivo:Serv-Taxi2.jpg" /><img name="Serv-balancemanento.jpg" timestamp="2015-01-24T10:09:36Z" url="http://www.xmlfusion.org/wiki-do-mei/images/9/95/Serv-balancemanento.jpg" descriptionurl="http://www.xmlfusion.org/wiki-do-mei/Arquivo:Serv-balancemanento.jpg" ns="6" title="Arquivo:Serv-balancemanento.jpg" /><img name="Serv-motoboyentrega.jpg" timestamp="2015-01-21T13:38:17Z" url="http://www.xmlfusion.org/wiki-do-mei/images/0/0c/Serv-motoboyentrega.jpg" descriptionurl="http://www.xmlfusion.org/wiki-do-mei/Arquivo:Serv-motoboyentrega.jpg" ns="6" title="Arquivo:Serv-motoboyentrega.jpg" /><img name="Serv-mototaxi1.jpg" timestamp="2015-01-20T22:04:13Z" url="http://www.xmlfusion.org/wiki-do-mei/images/c/c5/Serv-mototaxi1.jpg" descriptionurl="http://www.xmlfusion.org/wiki-do-mei/Arquivo:Serv-mototaxi1.jpg" ns="6" title="Arquivo:Serv-mototaxi1.jpg" /><img name="Serv-van-turismo.jpg" timestamp="2015-01-21T02:11:49Z" url="http://www.xmlfusion.org/wiki-do-mei/images/3/3b/Serv-van-turismo.jpg" descriptionurl="http://www.xmlfusion.org/wiki-do-mei/Arquivo:Serv-van-turismo.jpg" ns="6" title="Arquivo:Serv-van-turismo.jpg" /><img name="Supply_chain.svg" timestamp="2015-05-04T02:08:10Z" url="http://www.xmlfusion.org/wiki-do-mei/images/7/7a/Supply_chain.svg" descriptionurl="http://www.xmlfusion.org/wiki-do-mei/Arquivo:Supply_chain.svg" ns="6" title="Arquivo:Supply chain.svg" /><img name="Supply_chain.svg.png" timestamp="2015-05-04T02:13:47Z" url="http://www.xmlfusion.org/wiki-do-mei/images/4/49/Supply_chain.svg.png" descriptionurl="http://www.xmlfusion.org/wiki-do-mei/Arquivo:Supply_chain.svg.png" ns="6" title="Arquivo:Supply chain.svg.png" /><img name="Tela-do-cinelerra.png" timestamp="2016-01-18T21:40:30Z" url="http://www.xmlfusion.org/wiki-do-mei/images/e/ea/Tela-do-cinelerra.png" descriptionurl="http://www.xmlfusion.org/wiki-do-mei/Arquivo:Tela-do-cinelerra.png" ns="6" title="Arquivo:Tela-do-cinelerra.png" /><img name="Tour-guide1.jpg" timestamp="2016-08-05T10:07:53Z" url="http://www.xmlfusion.org/wiki-do-mei/images/4/43/Tour-guide1.jpg" descriptionurl="http://www.xmlfusion.org/wiki-do-mei/Arquivo:Tour-guide1.jpg" ns="6" title="Arquivo:Tour-guide1.jpg" /><img name="Transp-tur2.jpg" timestamp="2015-01-21T12:03:59Z" url="http://www.xmlfusion.org/wiki-do-mei/images/a/a2/Transp-tur2.jpg" descriptionurl="http://www.xmlfusion.org/wiki-do-mei/Arquivo:Transp-tur2.jpg" ns="6" title="Arquivo:Transp-tur2.jpg" /><img name="Videowisconsinstudio.jpg" timestamp="2016-01-18T21:41:38Z" url="http://www.xmlfusion.org/wiki-do-mei/images/b/b3/Videowisconsinstudio.jpg" descriptionurl="http://www.xmlfusion.org/wiki-do-mei/Arquivo:Videowisconsinstudio.jpg" ns="6" title="Arquivo:Videowisconsinstudio.jpg" /><img name="Wikileis-FilaPega.png" timestamp="2015-01-16T00:27:21Z" url="http://www.xmlfusion.org/wiki-do-mei/images/8/8b/Wikileis-FilaPega.png" descriptionurl="http://www.xmlfusion.org/wiki-do-mei/Arquivo:Wikileis-FilaPega.png" ns="6" title="Arquivo:Wikileis-FilaPega.png" /><img name="Wikimei-Celulas.png" timestamp="2015-01-16T00:26:46Z" url="http://www.xmlfusion.org/wiki-do-mei/images/f/fb/Wikimei-Celulas.png" descriptionurl="http://www.xmlfusion.org/wiki-do-mei/Arquivo:Wikimei-Celulas.png" ns="6" title="Arquivo:Wikimei-Celulas.png" /><img name="Wikimei-ClayMixing.jpg" timestamp="2015-01-16T00:04:23Z" url="http://www.xmlfusion.org/wiki-do-mei/images/5/57/Wikimei-ClayMixing.jpg" descriptionurl="http://www.xmlfusion.org/wiki-do-mei/Arquivo:Wikimei-ClayMixing.jpg" ns="6" title="Arquivo:Wikimei-ClayMixing.jpg" /><img name="Wikimei-FriedrichReinhold_001.jpg" timestamp="2015-01-16T00:06:14Z" url="http://www.xmlfusion.org/wiki-do-mei/images/5/53/Wikimei-FriedrichReinhold_001.jpg" descriptionurl="http://www.xmlfusion.org/wiki-do-mei/Arquivo:Wikimei-FriedrichReinhold_001.jpg" ns="6" title="Arquivo:Wikimei-FriedrichReinhold 001.jpg" /><img name="Wikimei-HandPositionsWheel.png" timestamp="2015-01-16T00:05:16Z" url="http://www.xmlfusion.org/wiki-do-mei/images/5/52/Wikimei-HandPositionsWheel.png" descriptionurl="http://www.xmlfusion.org/wiki-do-mei/Arquivo:Wikimei-HandPositionsWheel.png" ns="6" title="Arquivo:Wikimei-HandPositionsWheel.png" /><img name="Wikimei-TheMEIs.png" timestamp="2015-01-11T22:22:52Z" url="http://www.xmlfusion.org/wiki-do-mei/images/6/6c/Wikimei-TheMEIs.png" descriptionurl="http://www.xmlfusion.org/wiki-do-mei/Arquivo:Wikimei-TheMEIs.png" ns="6" title="Arquivo:Wikimei-TheMEIs.png" /><img name="Wikimei-ceramica-FORNO1.png" timestamp="2015-01-16T00:02:31Z" url="http://www.xmlfusion.org/wiki-do-mei/images/2/26/Wikimei-ceramica-FORNO1.png" descriptionurl="http://www.xmlfusion.org/wiki-do-mei/Arquivo:Wikimei-ceramica-FORNO1.png" ns="6" title="Arquivo:Wikimei-ceramica-FORNO1.png" /></allimages></query></api>