<?xml version="1.0"?><api><query><allpages><p pageid="144" ns="0" title="Serviço" /><p pageid="128" ns="0" title="Serviço/234/Fabricar objetos de cerâmica" /><p pageid="129" ns="0" title="Serviço/239/Decorar a quente objetos de cerâmica" /><p pageid="120" ns="0" title="Serviço/452" /><p pageid="119" ns="0" title="Serviço/452/Alinhamento de veículos" /><p pageid="125" ns="0" title="Serviço/452/Balanceamento de veículos" /><p pageid="123" ns="0" title="Serviço/452/Troca de câmara ou de pneu" /><p pageid="147" ns="0" title="Serviço/452/Troca de câmara ou de pneu/Cntrt rec" /><p pageid="121" ns="0" title="Serviço/452 - Manutenção e reparação de veículos automotores" /><p pageid="70" ns="0" title="Serviço/492" /><p pageid="80" ns="0" title="Serviço/492/Serviço de mototáxi" /><p pageid="69" ns="0" title="Serviço/492/Serviço de táxi" /><p pageid="87" ns="0" title="Serviço/492/Transporte escolar" /><p pageid="171" ns="0" title="Serviço/492/Transporte escolar/Cntrt" /><p pageid="97" ns="0" title="Serviço/492/Transporte turístico rodoviário municipal" /><p pageid="151" ns="0" title="Serviço/492/Transporte turístico rodoviário municipal/Cntrt" /><p pageid="73" ns="0" title="Serviço/492 - Transporte rodoviário de passageiros" /><p pageid="72" ns="0" title="Serviço/532" /><p pageid="113" ns="0" title="Serviço/532/Entrega rápida" /><p pageid="114" ns="0" title="Serviço/532/Entrega rápida por bike" /><p pageid="108" ns="0" title="Serviço/532/Entrega rápida por moto" /><p pageid="71" ns="0" title="Serviço/532 - Atividades de malote e de entrega" /><p pageid="189" ns="0" title="Serviço/810/Extrair e beneficiar argila ou caulim" /><p pageid="150" ns="0" title="Serviço/Decorar a quente objetos de cerâmica" /><p pageid="190" ns="0" title="Serviço/Fabricar e decorar objetos de cerâmica" /><p pageid="203" ns="0" title="Serviço/Fabricar e decorar objetos de cerâmica minerada" /><p pageid="127" ns="0" title="Serviço/Fabricar e pintar objeto de cerâmica" /><p pageid="148" ns="0" title="Serviço/Fabricar objetos de cerâmica" /><p pageid="204" ns="0" title="Serviço/Fabricar objetos de cerâmica minerada" /><p pageid="48" ns="0" title="Serviço/LIXO-transferindo conteudo para outras partes" /><p pageid="49" ns="0" title="Serviço/Pintar objeto de cerâmica" /><p pageid="19038" ns="0" title="Serviço agregado" /><p pageid="103" ns="0" title="Serviço típico" /><p pageid="57" ns="0" title="Serviços" /><p pageid="98" ns="0" title="Serviços/492/Transporte turístico rodoviário municipal" /><p pageid="19037" ns="0" title="Serviços agregados" /><p pageid="77" ns="0" title="Serviços típicos" /></allpages></query></api>