<?xml version="1.0"?><api><query><allpages><p pageid="116" ns="10" title="Predefinição:AtiValid" /><p pageid="89" ns="10" title="Predefinição:Ativ" /><p pageid="4" ns="10" title="Predefinição:Atividade" /><p pageid="100" ns="10" title="Predefinição:Box-atividade" /><p pageid="101" ns="10" title="Predefinição:Box-atividade-row" /><p pageid="202" ns="10" title="Predefinição:Box-atividadeDef" /><p pageid="191" ns="10" title="Predefinição:Box-servicoAgregado" /><p pageid="75" ns="10" title="Predefinição:Box-servicoTipico" /><p pageid="134" ns="10" title="Predefinição:Boxnav-modelos" /><p pageid="136" ns="10" title="Predefinição:Boxnav-modelos-servtip" /><p pageid="152" ns="10" title="Predefinição:Cntrt-agente" /><p pageid="155" ns="10" title="Predefinição:Cntrt-agente-MEI" /><p pageid="172" ns="10" title="Predefinição:Cntrt-agente-pf" /><p pageid="154" ns="10" title="Predefinição:Cntrt-final" /><p pageid="196" ns="10" title="Predefinição:Cntrt-foro" /><p pageid="153" ns="10" title="Predefinição:Cntrt-prologo" /><p pageid="146" ns="10" title="Predefinição:Cntrt-tip" /><p pageid="165" ns="10" title="Predefinição:Desta Wiki" /><p pageid="10604" ns="10" title="Predefinição:Exemplo1agregado" /><p pageid="82" ns="10" title="Predefinição:GrupoCNAE" /><p pageid="5" ns="10" title="Predefinição:GrupoPrefixCNAE" /><p pageid="16" ns="10" title="Predefinição:ItemCNAE" /><p pageid="28" ns="10" title="Predefinição:ItemOcupacao" /><p pageid="3" ns="10" title="Predefinição:ItensCNAE" /><p pageid="36" ns="10" title="Predefinição:ItensCNAE-head" /><p pageid="29" ns="10" title="Predefinição:Ramo cod3" /><p pageid="213" ns="10" title="Predefinição:Ref" /><p pageid="186" ns="10" title="Predefinição:Semanticos-box" /><p pageid="88" ns="10" title="Predefinição:Serv" /><p pageid="105" ns="10" title="Predefinição:ServFerramentas" /><p pageid="104" ns="10" title="Predefinição:ServInsumos" /><p pageid="145" ns="10" title="Predefinição:Servtip" /><p pageid="62" ns="10" title="Predefinição:UrnLex" /><p pageid="19078" ns="10" title="Predefinição:User" /><p pageid="156" ns="10" title="Predefinição:Var" /></allpages></query></api>