<?xml version="1.0"?><api><query><allpages><p pageid="34" ns="0" title="Atividade" /><p pageid="19073" ns="0" title="Atividade/Agente de Viagens" /><p pageid="118" ns="0" title="Atividade/Alinhador(a) de Pneus" /><p pageid="41" ns="0" title="Atividade/Artesão(ã) em Cerâmica" /><p pageid="43" ns="0" title="Atividade/Artesão(ã) em Louças, Vidro e Cristal" /><p pageid="124" ns="0" title="Atividade/Balanceador(a) de Pneus" /><p pageid="111" ns="0" title="Atividade/Bikeboy (Ciclista Mensageiro)" /><p pageid="122" ns="0" title="Atividade/Borracheiro(a)" /><p pageid="86" ns="0" title="Atividade/Ceramista" /><p pageid="243" ns="0" title="Atividade/Compoteiro(a)" /><p pageid="19009" ns="0" title="Atividade/Costureiro(a) de Roupas, Exceto Sob Medida" /><p pageid="252" ns="0" title="Atividade/Digitador" /><p pageid="33" ns="0" title="Atividade/Digitador(a)" /><p pageid="35" ns="0" title="Atividade/Editor(a) de Jornais Diários" /><p pageid="250" ns="0" title="Atividade/Editor(a) de Vídeo" /><p pageid="221" ns="0" title="Atividade/Encadernador(a), plastificador(a)" /><p pageid="244" ns="0" title="Atividade/Fabricante de Geléia de Mocotó" /><p pageid="19013" ns="0" title="Atividade/Guia de Turismo" /><p pageid="181" ns="0" title="Atividade/Minerador(a) artesanal de argila, gesso ou caulim" /><p pageid="91" ns="0" title="Atividade/Motoboy" /><p pageid="90" ns="0" title="Atividade/Mototaxista" /><p pageid="39" ns="0" title="Atividade/Oleiro(a)" /><p pageid="99" ns="0" title="Atividade/Organizador(a) de Excursões em Veículo Próprio, Municipal" /><p pageid="40" ns="0" title="Atividade/Pintor(a) de Parede" /><p pageid="76" ns="0" title="Atividade/Taxista" /><p pageid="93" ns="0" title="Atividade/Transportador(a) Escolar" /><p pageid="85" ns="0" title="Atividade do MEI" /><p pageid="2" ns="0" title="Atividades" /><p pageid="217" ns="0" title="Atividades do MEI" /><p pageid="200" ns="0" title="Atividades legitimadas" /><p pageid="6" ns="0" title="Atividades por setor" /><p pageid="19079" ns="0" title="Atividades principal e secundária" /></allpages></query></api>