<?xml version="1.0"?><api><query><allpages><p pageid="110" ns="14" title="Categoria:Atividade válida cadastrada" /><p pageid="219" ns="14" title="Categoria:Contrato de prestação de serviço" /><p pageid="220" ns="14" title="Categoria:Contrato tipo MEI-Cliente" /><p pageid="161" ns="14" title="Categoria:Modelo de contrato" /><p pageid="176" ns="14" title="Categoria:Serviço" /><p pageid="192" ns="14" title="Categoria:Serviço agregado" /><p pageid="94" ns="14" title="Categoria:Serviço típico" /><p pageid="175" ns="14" title="Categoria:Serviços" /></allpages></query></api>